Workbook

Sheet Student Data
A1: Name | B1: Roll No | C1: Class | D1: City | E1: Subj1 | F1: Marks1 | G1: Subj2 | H1: Marks2 | I1: Subj3 | J1: Marks3 | K1: Total Marks | L1: First Name | M1: Last Name | N1: Pass/Fail | O1: No. of students who belong to city Delhi
A2: Rahul Verma | B2: 1 | C2: 9 | D2: Delhi | E2: Math | F2: 78 | G2: Science | H2: 82 | I2: English | J2: 75 | K2: =SUM(F2+H2+J2) -> 235 | L2: Rahul | M2: Verma | N2: =IF(K2>120,"pass","Fail") -> pass | O2: =COUNTIF(D2:D16,"Delhi") -> 3
A3: Neha Sharma | B3: 2 | C3: 9 | D3: Jaipur | E3: English | F3: 85 | G3: History | H3: 80 | I3: Science | J3: 88 | K3: =SUM(F3+H3+J3) -> 253 | L3: Neha | M3: Sharma | N3: =IF(K3>120,"pass","Fail") -> pass | O3: =COUNTIF(D3:D17,"Delhi") -> 2
A4: Aman Khan | B4: 3 | C4: 9 | D4: Lucknow | E4: Math | F4: 90 | G4: Computer | H4: 92 | I4: Science | J4: 86 | K4: =SUM(F4+H4+J4) -> 268 | L4: Aman | M4: Khan | N4: =IF(K4>120,"pass","Fail") -> pass | O4: =COUNTIF(D4:D18,"Delhi") -> 2
A5: Pooja Patel | B5: 4 | C5: 9 | D5: Surat | E5: Math | F5: 50 | G5: English | H5: 10 | I5: Hindi | J5: 40 | K5: =SUM(F5+H5+J5) -> 100 | L5: Pooja | M5: Patel | N5: =IF(K5>120,"pass","Fail") -> Fail
A6: Suresh Das | B6: 5 | C6: 9 | D6: Delhi | E6: Science | F6: 88 | G6: Math | H6: 84 | I6: Geography | J6: 79 | K6: =SUM(F6+H6+J6) -> 251 | L6: Suresh | M6: Das | N6: =IF(K6>120,"pass","Fail") -> pass
A7: Ankit Singh | B7: 6 | C7: 9 | D7: Patna | E7: Math | F7: 60 | G7: Science | H7: 10 | I7: English | J7: 20 | K7: =SUM(F7+H7+J7) -> 90 | L7: Ankit | M7: Singh | N7: =IF(K7>120,"pass","Fail") -> Fail
A8: Riya Gupta | B8: 7 | C8: 9 | D8: Noida | E8: English | F8: 92 | G8: Science | H8: 89 | I8: Computer | J8: 94 | K8: =SUM(F8+H8+J8) -> 275 | L8: Riya | M8: Gupta | N8: =IF(K8>120,"pass","Fail") -> pass
A9: Mohit Jain | B9: 8 | C9: 9 | D9: Indore | E9: Math | F9: 81 | G9: English | H9: 77 | I9: Science | J9: 85 | K9: =SUM(F9+H9+J9) -> 243 | L9: Mohit | M9: Jain | N9: =IF(K9>120,"pass","Fail") -> pass
A10: Sneha Iyer | B10: 9 | C10: 9 | D10: Chennai | E10: Science | F10: 90 | G10: Math | H10: 88 | I10: English | J10: 91 | K10: =SUM(F10+H10+J10) -> 269 | L10: Sneha | M10: Iyer | N10: =IF(K10>120,"pass","Fail") -> pass
A11: Karan Malhotra | B11: 10 | C11: 9 | D11: Chandigarh | E11: Math | F11: 74 | G11: Science | H11: 79 | I11: Computer | J11: 82 | K11: =SUM(F11+H11+J11) -> 235 | L11: Karan | M11: Malhotra | N11: =IF(K11>120,"pass","Fail") -> pass
A12: Aditi Rao | B12: 11 | C12: 9 | D12: Bengaluru | E12: English | F12: 86 | G12: History | H12: 83 | I12: Science | J12: 88 | K12: =SUM(F12+H12+J12) -> 257 | L12: Aditi | M12: Rao | N12: =IF(K12>120,"pass","Fail") -> pass
A13: Nikhil Pawar | B13: 12 | C13: 9 | D13: Pune | E13: Math | F13: 89 | G13: Science | H13: 91 | I13: Geography | J13: 87 | K13: =SUM(F13+H13+J13) -> 267 | L13: Nikhil | M13: Pawar | N13: =IF(K13>120,"pass","Fail") -> pass
A14: Simran Kaur | B14: 13 | C14: 9 | D14: Delhi | E14: English | F14: 80 | G14: Punjabi | H14: 85 | I14: Science | J14: 78 | K14: =SUM(F14+H14+J14) -> 243 | L14: Simran | M14: Kaur | N14: =IF(K14>120,"pass","Fail") -> pass
A15: Arjun Mehta | B15: 14 | C15: 9 | D15: Mumbai | E15: Math | F15: 93 | G15: Science | H15: 90 | I15: English | J15: 92 | K15: =SUM(F15+H15+J15) -> 275 | L15: Arjun | M15: Mehta | N15: =IF(K15>120,"pass","Fail") -> pass
A16: Kavya Nair | B16: 15 | C16: 9 | D16: Kochi | E16: Science | F16: 87 | G16: Math | H16: 84 | I16: English | J16: 89 | K16: =SUM(F16+H16+J16) -> 260 | L16: Kavya | M16: Nair | N16: =IF(K16>120,"pass","Fail") -> pass
A18: Pass | B18: =COUNTIF(N:N,"pass") -> 13
A19: Fail | B19: =COUNTIF(N:N,"fail") -> 2

Sheet Marks analysis
A1: Average | B1: Max | C1: Min
A2: =AVERAGE('Student Data'!F2,'Student Data'!H2,'Student Data'!J2) -> 78.333333 | B2: =MAX('Student Data'!F2,'Student Data'!H2,'Student Data'!J2) -> 82 | C2: =MIN('Student Data'!F2,'Student Data'!H2,'Student Data'!J2) -> 75
A3: =AVERAGE('Student Data'!F3,'Student Data'!H3,'Student Data'!J3) -> 84.333333 | B3: =MAX('Student Data'!F3,'Student Data'!H3,'Student Data'!J3) -> 88 | C3: =MIN('Student Data'!F3,'Student Data'!H3,'Student Data'!J3) -> 80
A4: =AVERAGE('Student Data'!F4,'Student Data'!H4,'Student Data'!J4) -> 89.333333 | B4: =MAX('Student Data'!F4,'Student Data'!H4,'Student Data'!J4) -> 92 | C4: =MIN('Student Data'!F4,'Student Data'!H4,'Student Data'!J4) -> 86
A5: =AVERAGE('Student Data'!F5,'Student Data'!H5,'Student Data'!J5) -> 33.333333 | B5: =MAX('Student Data'!F5,'Student Data'!H5,'Student Data'!J5) -> 50 | C5: =MIN('Student Data'!F5,'Student Data'!H5,'Student Data'!J5) -> 10
A6: =AVERAGE('Student Data'!F6,'Student Data'!H6,'Student Data'!J6) -> 83.666667 | B6: =MAX('Student Data'!F6,'Student Data'!H6,'Student Data'!J6) -> 88 | C6: =MIN('Student Data'!F6,'Student Data'!H6,'Student Data'!J6) -> 79
A7: =AVERAGE('Student Data'!F7,'Student Data'!H7,'Student Data'!J7) -> 30 | B7: =MAX('Student Data'!F7,'Student Data'!H7,'Student Data'!J7) -> 60 | C7: =MIN('Student Data'!F7,'Student Data'!H7,'Student Data'!J7) -> 10
A8: =AVERAGE('Student Data'!F8,'Student Data'!H8,'Student Data'!J8) -> 91.666667 | B8: =MAX('Student Data'!F8,'Student Data'!H8,'Student Data'!J8) -> 94 | C8: =MIN('Student Data'!F8,'Student Data'!H8,'Student Data'!J8) -> 89
A9: =AVERAGE('Student Data'!F9,'Student Data'!H9,'Student Data'!J9) -> 81 | B9: =MAX('Student Data'!F9,'Student Data'!H9,'Student Data'!J9) -> 85 | C9: =MIN('Student Data'!F9,'Student Data'!H9,'Student Data'!J9) -> 77
A10: =AVERAGE('Student Data'!F10,'Student Data'!H10,'Student Data'!J10) -> 89.666667 | B10: =MAX('Student Data'!F10,'Student Data'!H10,'Student Data'!J10) -> 91 | C10: =MIN('Student Data'!F10,'Student Data'!H10,'Student Data'!J10) -> 88
A11: =AVERAGE('Student Data'!F11,'Student Data'!H11,'Student Data'!J11) -> 78.333333 | B11: =MAX('Student Data'!F11,'Student Data'!H11,'Student Data'!J11) -> 82 | C11: =MIN('Student Data'!F11,'Student Data'!H11,'Student Data'!J11) -> 74
A12: =AVERAGE('Student Data'!F12,'Student Data'!H12,'Student Data'!J12) -> 85.666667 | B12: =MAX('Student Data'!F12,'Student Data'!H12,'Student Data'!J12) -> 88 | C12: =MIN('Student Data'!F12,'Student Data'!H12,'Student Data'!J12) -> 83
A13: =AVERAGE('Student Data'!F13,'Student Data'!H13,'Student Data'!J13) -> 89 | B13: =MAX('Student Data'!F13,'Student Data'!H13,'Student Data'!J13) -> 91 | C13: =MIN('Student Data'!F13,'Student Data'!H13,'Student Data'!J13) -> 87
... A16: =AVERAGE('Student Data'!F16,'Student Data'!H16,'Student Data'!J16) -> 86.666667 | B16: =MAX('Student Data'!F16,'Student Data'!H16,'Student Data'!J16) -> 89 | C16: =MIN('Student Data'!F16,'Student Data'!H16,'Student Data'!J16) -> 84

Sheet Charts
